{"url":"https:\/\/webview.unityads.unity3d.com\/webview_test\/4.0.0\/1fc62c3918a3ebb77958df68b84b22cd53409d27\/release\/index.html","hash":"24924f59f50dd1c69786b2717b00c64d19f52e88e868320b9fba7d95d3114185","version":"1fc62c3918a3ebb77958df68b84b22cd53409d27","dwu":false,"sdkv":"4.0.0","murl":"https:\/\/gateway.unityads.unity3d.com\/legacy\/diagnostics\/v2\/metrics","msr":5,"omn":"Unity3d","omv":"1.3.0","sto":20000,"src":"srvc","expo":{"fff":{"value":"false"},"tsi":{"value":"false"},"tsi_p":{"value":"true"},"tsi_upii":{"value":"false"}}}